TaskID,Title,Description,CreatedAt,DueDate,Assignee,Priority,Label,Workload
1,Deployment: Customizable reciprocal function,Deployment task involves Action piece improve in off door attorney create itself indicate view.,08-09-2025,25-10-2025,Martin,Medium,Deployment,3
2,Database Update: Quality-focused contextually-based hardware,Database Update task involves Share she relate land knowledge fish civil apply east least product community.,23-08-2025,06-09-2025,Zachary,Medium,Database Update,6
3,Testing: Cross-group global time-frame,Testing task involves Everybody life every soon nature involve drop discover put since.,27-08-2025,12-10-2025,Edward,Medium,Testing,7
4,Security: Compatible next generation middleware,Security task involves Listen attention mind note speak gun factor serve future whom question.,13-08-2025,26-10-2025,Sandra,Low,Security,3
5,Design: Realigned upward-trending framework,Design task involves Answer certain explain hand each eat wish spring general film across glass.,26-08-2025,18-10-2025,Annette,High,Design,7
6,DevOps: Sharable tertiary success,DevOps task involves News myself tell according Mrs would act.,29-08-2025,06-09-2025,James,High,DevOps,3
7,Backend Task: Cross-platform reciprocal support,Backend Task task involves Move do figure group election he call.,18-08-2025,29-08-2025,Jorge,Medium,Backend Task,2
8,Improvement: Synchronized well-modulated encoding,Improvement task involves Window doctor father decide attention whole four new.,18-08-2025,07-11-2025,Jeffrey,Medium,Improvement,4
9,UI Update: Versatile optimizing firmware,UI Update task involves Pretty system forward attorney several current fire mother hot indicate feeling carry grow.,30-09-2025,08-10-2025,Jason,Medium,UI Update,8
10,DevOps: Open-source well-modulated standardization,DevOps task involves Bring inside fine politics way guess economic prove face wonder late avoid them.,20-08-2025,30-10-2025,Christine,Medium,DevOps,9
11,Design: Managed tangible encryption,Design task involves Break would animal every tough him bed different.,10-09-2025,26-10-2025,Annette,Medium,Design,7
12,Meeting: Adaptive next generation firmware,Meeting task involves Difference than rate might poor than sister lay him road.,08-10-2025,23-10-2025,James,Low,Meeting,1
13,Improvement: Reactive bandwidth-monitored ability,Improvement task involves Growth beautiful high turn if white house.,23-08-2025,30-09-2025,William,Low,Improvement,3
14,Improvement: Advanced 4thgeneration adapter,Improvement task involves Near option style interview should just.,27-08-2025,16-09-2025,Sandra,High,Improvement,9
15,Client Call: Customer-focused bi-directional infrastructure,Client Call task involves Well star ground citizen become road.,15-08-2025,24-09-2025,Christine,High,Client Call,1
16,UI Update: Assimilated secondary Local Area Network,UI Update task involves Eat community explain exist hand economic let never.,14-09-2025,03-11-2025,William,Medium,UI Update,9
17,Meeting: User-friendly actuating website,Meeting task involves Check entire may billion forward democratic.,15-08-2025,01-11-2025,Jamie,Medium,Meeting,8
18,Deployment: Multi-tiered heuristic circuit,Deployment task involves Very message old dream its picture blood do sell.,16-09-2025,21-09-2025,Lindsey,Medium,Deployment,1
19,Testing: Cross-group mobile database,Testing task involves Adult hundred medical ability city energy feeling main true number pass.,13-09-2025,15-10-2025,Cynthia,Medium,Testing,6
20,Feature: Versatile upward-trending hardware,Feature task involves Who team finish generation also week for visit worry million.,28-09-2025,25-10-2025,Sandra,Low,Feature,5
21,Backend Task: Switchable bifurcated data-warehouse,Backend Task task involves Head sure serious into kitchen stuff teacher this stuff forward imagine evening indeed.,14-09-2025,03-11-2025,Christine,Medium,Backend Task,6
22,Database Update: Profit-focused bottom-line software,Database Update task involves Nice training rest child exist bring dream quality concern what paper pick admit.,12-08-2025,14-08-2025,Natalie,Medium,Database Update,5
23,Deployment: Face-to-face multi-state help-desk,Deployment task involves Fill picture possible herself position anyone consider glass while.,29-08-2025,01-10-2025,William,High,Deployment,6
24,Meeting: Synchronized scalable model,Meeting task involves They clearly score pay policy too southern.,28-08-2025,19-10-2025,Ryan,Medium,Meeting,5
25,UI Update: Multi-lateral fresh-thinking solution,UI Update task involves Although again former compare director magazine professor board sing table.,16-09-2025,04-11-2025,Jorge,Medium,UI Update,5
26,Documentation: Focused secondary Local Area Network,Documentation task involves Have black media manage executive share rise also actually prove plan.,04-10-2025,31-10-2025,Jason,Low,Documentation,4
27,DevOps: Open-architected empowering instruction set,DevOps task involves Main nothing official they smile administration.,02-10-2025,12-10-2025,Kevin,Low,DevOps,3
28,UI Update: User-friendly transitional encoding,UI Update task involves Teach bit someone material true author toward which collection become.,17-09-2025,30-09-2025,Jeffrey,Low,UI Update,3
29,Improvement: Exclusive systemic installation,Improvement task involves Happen themselves child price southern have trial group hospital.,04-10-2025,05-11-2025,Kevin,High,Improvement,4
30,DevOps: Synergistic secondary projection,DevOps task involves Fast know whom carry poor none hundred write up six court some indicate.,24-08-2025,26-10-2025,Todd,Medium,DevOps,9
31,Documentation: Multi-layered hybrid open system,Documentation task involves Visit everything focus environmental serious news western should eye class commercial.,15-08-2025,29-09-2025,Jorge,Medium,Documentation,2
32,Client Call: Focused foreground secured line,Client Call task involves Indeed pick pass pick sit hear century staff only both up.,10-09-2025,15-10-2025,Natalie,High,Client Call,9
33,Meeting: Future-proofed tangible structure,Meeting task involves New benefit inside west task condition nation.,31-08-2025,01-09-2025,Jessica,Medium,Meeting,1
34,Integration: Synchronized explicit middleware,Integration task involves Scientist nor line student true support stage century join space hard.,04-09-2025,19-09-2025,Kevin,Low,Integration,1
35,Feature: Phased methodical firmware,Feature task involves Source game item window organization plan model section will pass allow main difference people.,14-08-2025,31-10-2025,Christopher,Medium,Feature,5
36,DevOps: Configurable responsive function,DevOps task involves Drop dinner eight once miss read.,17-08-2025,25-09-2025,Jessica,Medium,DevOps,6
37,Performance Optimization: Secured 5thgeneration firmware,Performance Optimization task involves Senior point analysis chair poor letter.,26-09-2025,02-10-2025,Christopher,Medium,Performance Optimization,6
38,Bug: Ergonomic human-resource help-desk,Bug task involves Some only hundred away week him energy anyone against something create.,28-09-2025,29-09-2025,Laura,Low,Bug,3
39,Backend Task: Reverse-engineered motivating interface,Backend Task task involves Gun certain ahead seek service force between hour way notice assume director.,11-09-2025,09-10-2025,Natalie,Low,Backend Task,7
40,Performance Optimization: Integrated fault-tolerant flexibility,Performance Optimization task involves Attention though attention television behind fly democratic learn top seat.,12-09-2025,15-10-2025,Cynthia,Low,Performance Optimization,9
41,Backend Task: Focused empowering monitoring,Backend Task task involves Rather bank try between action strong.,06-09-2025,23-09-2025,Laura,Medium,Backend Task,8
42,Backend Task: Customer-focused 5thgeneration knowledge user,Backend Task task involves Investment edge majority size likely kid.,15-09-2025,09-10-2025,Jeffrey,Low,Backend Task,6
43,Database Update: Customer-focused local parallelism,Database Update task involves Federal national age peace this institution thought minute.,07-10-2025,17-10-2025,Christopher,High,Database Update,8
44,Research: Adaptive zero administration open system,Research task involves Wall occur significant certainly speech type change everyone foreign.,18-08-2025,01-09-2025,Sandra,Medium,Research,5
45,Feature: Cross-platform uniform customer loyalty,Feature task involves What sure moment music change trip total than doctor stay day.,02-09-2025,04-09-2025,Cody,Medium,Feature,8
46,Feature: Robust impactful hardware,Feature task involves Drop play moment with oil with stock whose radio behavior street.,13-08-2025,31-10-2025,Tyler,High,Feature,4
47,Backend Task: Reactive uniform secured line,Backend Task task involves Service understand customer protect hair believe give.,05-10-2025,27-10-2025,Laura,High,Backend Task,8
48,Backend Task: Function-based 6thgeneration artificial intelligence,Backend Task task involves Less stuff agree right design coach production send strong number science.,12-08-2025,05-11-2025,Martin,High,Backend Task,2
49,Security: Diverse static info-mediaries,Security task involves Somebody dream about produce several possible sense.,18-08-2025,06-11-2025,Edward,High,Security,5
50,Performance Optimization: Visionary intermediate conglomeration,Performance Optimization task involves Or use or prove individual best ahead.,04-10-2025,12-10-2025,Natalie,High,Performance Optimization,9
51,Performance Optimization: Right-sized contextually-based framework,Performance Optimization task involves Save method tell recently weight success fact green member we water page.,18-09-2025,01-10-2025,Paula,High,Performance Optimization,4
52,Meeting: Open-architected real-time strategy,Meeting task involves Much now author light road not born assume with.,24-08-2025,04-10-2025,Jessica,Low,Meeting,6
53,UI Update: Advanced radical paradigm,UI Update task involves Expect under especially reduce according production everything way risk.,10-08-2025,02-10-2025,Christine,High,UI Update,1
54,Testing: Phased disintermediate infrastructure,Testing task involves Nature explain several summer may structure.,05-10-2025,10-10-2025,Jeffrey,High,Testing,9
55,Performance Optimization: Right-sized maximized framework,Performance Optimization task involves Agree option yet move now goal soon college city surface.,28-09-2025,08-10-2025,Jason,Low,Performance Optimization,1
56,Testing: Extended incremental Graphical User Interface,Testing task involves Person physical safe middle myself friend election character star green half suggest window.,26-08-2025,13-09-2025,Annette,Medium,Testing,5
57,Design: Synergistic uniform Graphic Interface,Design task involves Local point art election reduce account.,07-09-2025,20-09-2025,James,Medium,Design,4
58,Security: Re-engineered transitional Graphical User Interface,Security task involves Fish star push sit upon night them notice something.,02-09-2025,08-09-2025,James,High,Security,3
59,Testing: Implemented 5thgeneration Graphical User Interface,Testing task involves Thing million owner memory why however guess.,14-09-2025,16-09-2025,Jeffrey,Medium,Testing,6
60,UI Update: Open-architected 5thgeneration service-desk,UI Update task involves Risk in maintain enter fall language provide service effort computer.,26-08-2025,26-08-2025,Jason,Medium,UI Update,2
61,Database Update: Progressive fault-tolerant service-desk,Database Update task involves President morning street research entire charge send security.,15-09-2025,13-10-2025,Sandra,Low,Database Update,3
62,Meeting: Automated grid-enabled synergy,Meeting task involves Each now plant admit conference color quickly.,26-08-2025,26-08-2025,David,Medium,Meeting,5
63,Improvement: Front-line multi-state analyzer,Improvement task involves Growth mother cost group notice decide I special remember good program quickly.,19-08-2025,06-09-2025,Jason,Medium,Improvement,9
64,Improvement: Programmable client-driven instruction set,Improvement task involves Situation like know bit reveal game above society whom.,27-08-2025,11-10-2025,Cody,High,Improvement,2
65,Meeting: Re-engineered bifurcated monitoring,Meeting task involves Card property case window add believe individual do his imagine.,03-09-2025,13-09-2025,Jason,Medium,Meeting,8
66,Meeting: Upgradable cohesive Local Area Network,Meeting task involves Region above without thought lay wind consider growth since benefit.,04-10-2025,14-10-2025,Jessica,Medium,Meeting,2
67,Meeting: Organized actuating workforce,Meeting task involves Defense open account attack young least under fast course threat every case.,13-08-2025,26-08-2025,Jeffrey,Medium,Meeting,5
68,Integration: Implemented asynchronous software,Integration task involves Recognize whole sign direction hospital plan get allow water front follow seek voice.,20-08-2025,14-09-2025,Martin,High,Integration,7
69,DevOps: Vision-oriented 6thgeneration Graphical User Interface,DevOps task involves Set represent carry with risk truth suggest thousand few base.,13-08-2025,18-08-2025,Jorge,High,DevOps,8
70,API Development: Horizontal encompassing moderator,API Development task involves Long anyone possible ok show young owner card police.,06-10-2025,07-10-2025,Kevin,High,API Development,1
71,Design: Synchronized neutral circuit,Design task involves Officer threat deal feeling arm one she issue range system enter.,31-08-2025,11-10-2025,Laura,High,Design,6
72,DevOps: Switchable scalable Local Area Network,DevOps task involves Culture away base safe carry artist figure.,11-08-2025,03-09-2025,Lindsey,Low,DevOps,1
73,Testing: Implemented needs-based process improvement,Testing task involves Guy eye record behavior material letter state service offer data.,05-09-2025,10-09-2025,Paula,High,Testing,2
74,UI Update: Assimilated next generation superstructure,UI Update task involves Film enough value head grow smile particular where now.,16-08-2025,18-10-2025,Jason,Low,UI Update,1
75,Improvement: Ergonomic background middleware,Improvement task involves Reflect prove shake employee seem game opportunity say size.,26-09-2025,24-10-2025,Jorge,Medium,Improvement,5
76,DevOps: Reactive empowering archive,DevOps task involves With that commercial discover series artist seat.,12-08-2025,04-09-2025,Zachary,Medium,DevOps,9
77,API Development: Grass-roots foreground success,API Development task involves Feeling customer baby simple once season back stay pressure cold level.,07-10-2025,26-10-2025,Christopher,High,API Development,6
78,API Development: Integrated reciprocal ability,API Development task involves Third choose central inside partner item thank back.,24-09-2025,22-10-2025,Cody,Low,API Development,1
79,Refactoring: Profound asynchronous definition,Refactoring task involves Realize party sometimes whether time defense subject back mother nothing character either.,22-09-2025,16-10-2025,Jason,Medium,Refactoring,1
80,Improvement: Open-architected bandwidth-monitored instruction set,Improvement task involves Interesting ok fill type family blue life give.,15-08-2025,26-08-2025,Jessica,Low,Improvement,2
81,DevOps: Universal 3rdgeneration data-warehouse,DevOps task involves Program often current above sea five tend look drug seat think defense community.,17-09-2025,26-09-2025,Paula,Medium,DevOps,9
82,Database Update: Team-oriented background forecast,Database Update task involves Site six bed mean goal focus act figure.,27-08-2025,04-11-2025,Jessica,High,Database Update,3
83,Performance Optimization: Integrated asymmetric product,Performance Optimization task involves Drop no push question land recently capital without thing end.,10-09-2025,31-10-2025,Natalie,Low,Performance Optimization,1
84,Backend Task: Compatible disintermediate help-desk,Backend Task task involves Yeah ground movie form behavior sign affect argue believe.,22-08-2025,14-10-2025,Annette,High,Backend Task,5
85,Documentation: Multi-lateral optimal software,Documentation task involves Through several compare so PM suddenly generation media worry water religious crime close.,23-08-2025,13-09-2025,Paula,High,Documentation,7
86,Testing: Cross-group incremental definition,Testing task involves Media according feeling magazine factor do including Democrat agency read food.,04-09-2025,27-09-2025,Cynthia,Low,Testing,6
87,Bug: Function-based foreground workforce,Bug task involves Road happen never high sit party street science tough sound across.,06-10-2025,14-10-2025,Jamie,High,Bug,1
88,Testing: Proactive didactic frame,Testing task involves Loss within lead push price test especially pick various water let.,07-09-2025,03-11-2025,Jorge,High,Testing,5
89,DevOps: Quality-focused tangible extranet,DevOps task involves Activity politics authority figure catch today evening.,07-09-2025,13-10-2025,Ryan,Medium,DevOps,5
90,Testing: Team-oriented intangible productivity,Testing task involves Couple sister sport study against tend boy fill notice.,16-09-2025,11-10-2025,Jamie,Low,Testing,6
91,Integration: Re-engineered mission-critical Local Area Network,Integration task involves Along often community eye civil few protect teacher audience.,30-09-2025,18-10-2025,James,Low,Integration,3
92,Client Call: Re-engineered zero tolerance open system,Client Call task involves Chair all watch as less big wide practice.,04-09-2025,30-09-2025,Cynthia,Medium,Client Call,5
93,Improvement: Distributed multimedia support,Improvement task involves Go officer avoid large those yard population thought suggest beautiful expect single.,09-09-2025,04-11-2025,Annette,High,Improvement,7
94,Testing: Upgradable empowering policy,Testing task involves He exist toward year war threat international mean animal general network beat garden.,08-09-2025,27-09-2025,Jessica,Low,Testing,5
95,DevOps: Monitored fault-tolerant project,DevOps task involves Head seem after provide artist power might science short.,24-08-2025,27-10-2025,Jorge,Medium,DevOps,5
96,Design: Operative leadingedge collaboration,Design task involves Nature understand school letter especially land staff team.,24-09-2025,23-10-2025,David,Medium,Design,5
97,Design: Team-oriented optimizing Graphic Interface,Design task involves Senior success human vote television score check sign total gun probably pull everyone.,03-09-2025,21-10-2025,Jorge,Medium,Design,3
98,Security: Innovative radical forecast,Security task involves Treat people since attack physical technology star raise early go but.,23-08-2025,12-10-2025,Martin,Medium,Security,1
99,Documentation: Cross-platform needs-based moderator,Documentation task involves Special pretty organization create look large fund.,12-08-2025,12-10-2025,Paula,Low,Documentation,5
100,Database Update: Progressive reciprocal methodology,Database Update task involves Until into mention show area inside market radio.,28-09-2025,26-10-2025,Annette,High,Database Update,9
101,Improvement: Mandatory impactful concept,Improvement task involves Agent idea PM forward meet bill believe something continue available identify fire.,26-09-2025,21-10-2025,Natalie,Medium,Improvement,1
102,Security: Face-to-face client-driven encryption,Security task involves Bad three stop matter may school reduce involve degree.,15-09-2025,16-09-2025,Christine,Low,Security,3
103,Testing: Multi-tiered client-server access,Testing task involves Provide real leg air politics subject week simple large method PM compare series.,02-09-2025,03-10-2025,Christine,Medium,Testing,4
104,Integration: Networked demand-driven software,Integration task involves Ahead only newspaper support statement town deal light fund prevent.,22-08-2025,10-09-2025,Cody,Low,Integration,1
105,Code Review: Synchronized dedicated support,Code Review task involves Item order great again dinner should training system across forward firm.,12-09-2025,07-11-2025,Cody,Medium,Code Review,1
106,Feature: Ameliorated explicit flexibility,Feature task involves Reveal social stop add treat medical.,12-08-2025,24-08-2025,Jorge,Medium,Feature,8
107,UI Update: Synergistic intermediate structure,UI Update task involves High medical his force garden matter lot market within rock want wind bring.,29-08-2025,21-10-2025,Zachary,High,UI Update,2
108,Feature: Organic neutral secured line,Feature task involves Majority discuss professor conference would force pressure scientist often once tend fear human.,04-10-2025,04-10-2025,James,Medium,Feature,8
109,Improvement: Reduced scalable benchmark,Improvement task involves Live set rest be note leave listen seek message successful must president.,01-09-2025,01-11-2025,Zachary,Medium,Improvement,7
110,Performance Optimization: Up-sized secondary hierarchy,Performance Optimization task involves Anything note together past investment into bad may smile land best.,30-08-2025,06-11-2025,Todd,High,Performance Optimization,2
111,Research: Managed upward-trending alliance,Research task involves Do cultural anything ability data about he my positive box.,01-10-2025,20-10-2025,Jason,Low,Research,6
112,Client Call: Operative static Internet solution,Client Call task involves Nor do office shake amount risk explain too.,15-09-2025,16-09-2025,Laura,High,Client Call,6
113,Research: Networked coherent orchestration,Research task involves Tend mind tonight let work food would option I administration not guess.,20-09-2025,24-09-2025,Laura,Low,Research,3
114,Improvement: Focused scalable interface,Improvement task involves Father bed professional who war very tough military street.,16-09-2025,21-09-2025,Christine,High,Improvement,2
115,Design: Decentralized analyzing conglomeration,Design task involves Resource international interesting nature customer back new game.,21-08-2025,11-09-2025,Todd,High,Design,1
116,Deployment: Universal well-modulated help-desk,Deployment task involves If table mission fall inside growth.,01-10-2025,23-10-2025,Ryan,Medium,Deployment,6
117,Deployment: Optimized human-resource product,Deployment task involves Bad attorney writer affect policy go.,14-08-2025,03-11-2025,Jessica,Medium,Deployment,5
118,Code Review: Persevering multi-state approach,Code Review task involves Quality bad could generation three win money over class student.,23-09-2025,28-09-2025,Ryan,Medium,Code Review,9
119,Testing: Up-sized bifurcated instruction set,Testing task involves Activity place join move something particular member.,02-10-2025,03-10-2025,Tyler,High,Testing,1
120,Testing: Visionary discrete adapter,Testing task involves Building president girl me size skill call build.,16-09-2025,21-10-2025,Zachary,Medium,Testing,7
121,Refactoring: Integrated fault-tolerant model,Refactoring task involves Born deep thousand religious law article other authority interesting center.,05-10-2025,30-10-2025,Christine,High,Refactoring,5
122,Documentation: Stand-alone leadingedge collaboration,Documentation task involves Bill notice allow base painting effect candidate partner more common act himself she.,14-09-2025,18-10-2025,Jeffrey,Medium,Documentation,5
123,Design: Down-sized empowering success,Design task involves Their contain store expect area produce charge probably throughout.,20-09-2025,01-10-2025,Sandra,Medium,Design,2
124,Improvement: Face-to-face local array,Improvement task involves Car move word thing myself size doctor special.,24-08-2025,06-10-2025,William,Medium,Improvement,3
125,Integration: Face-to-face contextually-based Local Area Network,Integration task involves Region admit first arrive third throughout role stage majority college home late.,08-09-2025,09-10-2025,Lindsey,Low,Integration,7
126,Research: Pre-emptive executive challenge,Research task involves Need top yeah painting book court day through once participant.,05-09-2025,24-09-2025,Laura,Low,Research,6
127,Performance Optimization: Realigned client-server pricing structure,Performance Optimization task involves Just focus seat collection cause allow.,03-09-2025,18-10-2025,Paula,Medium,Performance Optimization,2
128,DevOps: Mandatory bi-directional emulation,DevOps task involves Huge writer send management later near mouth too film determine.,02-09-2025,14-09-2025,Jamie,Medium,DevOps,6
129,DevOps: Reverse-engineered executive implementation,DevOps task involves Continue knowledge something nor piece interest center short front form personal.,30-09-2025,26-10-2025,Jamie,Medium,DevOps,2
130,Design: Ergonomic systemic focus group,Design task involves Meeting perhaps each exactly beautiful describe.,11-09-2025,10-10-2025,Jeffrey,Medium,Design,2
131,Documentation: Ergonomic reciprocal parallelism,Documentation task involves Partner at lead baby official approach letter return center business myself.,19-09-2025,17-10-2025,Paula,Medium,Documentation,2
132,Client Call: Cross-group 6thgeneration attitude,Client Call task involves Whatever low west mission away marriage.,20-09-2025,23-10-2025,Tyler,High,Client Call,3
133,API Development: Function-based optimizing pricing structure,API Development task involves Bank quite position place discover well two star perhaps be.,06-10-2025,27-10-2025,Christopher,High,API Development,2
134,Security: Decentralized composite secured line,Security task involves Indicate star provide lay exist who.,05-10-2025,10-10-2025,Jessica,Medium,Security,4
135,Security: Intuitive well-modulated service-desk,Security task involves Fear about before art order recent care speech task carry.,01-09-2025,26-10-2025,Annette,Medium,Security,9
136,Backend Task: Persistent user-facing matrix,Backend Task task involves Run baby character way class pay get threat job cut remember.,13-08-2025,26-10-2025,Annette,Medium,Backend Task,6
137,Integration: Proactive reciprocal core,Integration task involves Move everyone character fear speak impact follow cover sound above professor respond social.,08-09-2025,11-10-2025,Jessica,High,Integration,1
138,DevOps: Profit-focused responsive conglomeration,DevOps task involves History successful quite mouth room somebody.,21-08-2025,15-09-2025,Sandra,Low,DevOps,8
139,Documentation: Digitized client-driven success,Documentation task involves Yet model test you father discover positive open campaign couple.,10-09-2025,18-09-2025,Martin,High,Documentation,7
140,Design: Stand-alone client-server leverage,Design task involves Blue teacher identify front pull page visit high card.,20-09-2025,14-10-2025,Ryan,High,Design,3
141,Deployment: Networked attitude-oriented intranet,Deployment task involves Mouth continue fire rest message father activity sea lawyer seem.,25-09-2025,03-10-2025,David,Medium,Deployment,1
142,Performance Optimization: Expanded zero-defect website,Performance Optimization task involves Program identify project western beautiful first claim probably agree think answer.,19-09-2025,17-10-2025,Lindsey,High,Performance Optimization,5
143,Testing: Optional regional leverage,Testing task involves Simple sing day argue read dark since join beat see house.,12-08-2025,20-10-2025,James,Medium,Testing,4
144,Backend Task: Synergistic responsive support,Backend Task task involves Share which can family feel help case.,24-08-2025,31-10-2025,Jorge,High,Backend Task,8
145,Backend Task: Ergonomic zero tolerance methodology,Backend Task task involves Dog necessary strong finish bit story nature wide rest white put seat listen.,14-08-2025,22-08-2025,Laura,Medium,Backend Task,1
146,Testing: Assimilated bottom-line alliance,Testing task involves Your seek account loss again front although painting decision crime machine.,08-09-2025,11-09-2025,Lindsey,Medium,Testing,1
147,Database Update: Enhanced global database,Database Update task involves Instead player fine loss side option mouth such receive set total budget.,28-08-2025,05-11-2025,Todd,Medium,Database Update,4
148,DevOps: Open-architected static support,DevOps task involves Catch look affect color response into everyone describe physical finally morning door.,23-08-2025,23-08-2025,Christopher,Medium,DevOps,8
149,Database Update: Synergistic non-volatile leverage,Database Update task involves Program force allow leader political but.,19-08-2025,22-09-2025,Ryan,Low,Database Update,5
150,Testing: Grass-roots grid-enabled intranet,Testing task involves Lot read her fish audience minute issue event glass some red.,12-09-2025,11-10-2025,Lindsey,Medium,Testing,2
151,API Development: Reverse-engineered multi-tasking intranet,API Development task involves Family interest police everyone ever end deal case a response box drug.,20-08-2025,06-09-2025,Christine,High,API Development,6
152,UI Update: Quality-focused user-facing moderator,UI Update task involves They write truth local green hundred.,01-09-2025,05-11-2025,William,High,UI Update,5
153,Code Review: Ameliorated logistical success,Code Review task involves Four section least action first key each point sing director think of group.,22-09-2025,08-10-2025,Zachary,High,Code Review,2
154,API Development: Reactive optimal analyzer,API Development task involves Add raise win religious early decision chance entire reason capital she lay enough.,13-09-2025,02-10-2025,Laura,High,API Development,3
155,Deployment: Progressive foreground infrastructure,Deployment task involves Find admit bed beautiful certainly mother face rock word miss meeting.,11-08-2025,27-10-2025,Annette,Medium,Deployment,9
156,Backend Task: Digitized logistical hierarchy,Backend Task task involves Kind strong onto at effect fact seat degree father mouth.,09-09-2025,04-11-2025,Edward,Medium,Backend Task,7
157,Integration: Profound national approach,Integration task involves Which sometimes town be along summer cold watch national newspaper.,25-08-2025,16-09-2025,Cody,Medium,Integration,7
158,Research: Innovative neutral moratorium,Research task involves Answer recognize result its key bank check town poor physical model born.,27-08-2025,02-10-2025,Christopher,Medium,Research,6
159,Research: Realigned clear-thinking superstructure,Research task involves Country little tell most concern character.,13-08-2025,13-08-2025,Todd,High,Research,8
160,Testing: Polarized impactful task-force,Testing task involves Republican choice join stand gun lead role choose their medical.,03-09-2025,21-09-2025,Laura,High,Testing,4
161,Feature: Fundamental tangible groupware,Feature task involves Me approach Democrat her already upon firm culture.,11-09-2025,29-10-2025,Jason,Low,Feature,8
162,UI Update: Organized content-based toolset,UI Update task involves Police we fund right pattern tonight bad.,28-09-2025,03-11-2025,Annette,Medium,UI Update,4
163,Integration: Decentralized bandwidth-monitored paradigm,Integration task involves Picture relationship country keep seven question detail cause rule.,21-09-2025,01-11-2025,William,High,Integration,8
164,Design: Mandatory content-based hub,Design task involves Item can technology so race whatever community significant cold.,20-09-2025,12-10-2025,Christopher,High,Design,9
165,Design: Focused asynchronous encryption,Design task involves Not court yard water fill medical follow room whole change force image view huge.,18-08-2025,16-10-2025,Cody,Medium,Design,3
166,Security: Balanced composite system engine,Security task involves Result tonight set raise form boy sure doctor probably know.,08-09-2025,31-10-2025,Kevin,Medium,Security,3
167,DevOps: Pre-emptive 4thgeneration support,DevOps task involves Man century notice spring lay get so such support responsibility production deep together.,05-09-2025,29-10-2025,Natalie,Medium,DevOps,2
168,Testing: Automated 24hour open architecture,Testing task involves Employee dinner exactly example task send check energy total friend sometimes.,14-08-2025,18-08-2025,Natalie,Medium,Testing,3
169,Testing: Virtual full-range extranet,Testing task involves Lawyer its eight imagine while sign early cell statement face as production standard.,12-09-2025,05-11-2025,Christopher,High,Testing,3
170,Client Call: Enhanced asynchronous intranet,Client Call task involves Yes factor black evidence garden water effort front.,29-09-2025,09-10-2025,William,High,Client Call,5
171,Meeting: Reactive even-keeled framework,Meeting task involves Score room Democrat black wear perform political doctor very offer worry certainly.,20-08-2025,04-09-2025,William,Low,Meeting,5
172,Refactoring: Streamlined user-facing website,Refactoring task involves First cost home road conference list suffer agree from allow.,23-09-2025,01-10-2025,Natalie,High,Refactoring,2
173,Refactoring: Balanced responsive parallelism,Refactoring task involves Watch peace just art herself natural radio particularly your she player who.,09-09-2025,14-10-2025,Jeffrey,Medium,Refactoring,6
174,Research: Focused upward-trending definition,Research task involves Effect major rather up next Congress station option successful particular bed.,24-09-2025,26-09-2025,Kevin,Low,Research,5
175,Database Update: Customizable dynamic productivity,Database Update task involves Magazine he nearly serve yeah once modern professional bill join another from goal.,20-08-2025,27-08-2025,Zachary,Medium,Database Update,6
176,Design: Ameliorated solution-oriented system engine,Design task involves School station produce half believe inside event.,11-09-2025,02-10-2025,Tyler,Low,Design,1
177,Documentation: Enterprise-wide value-added help-desk,Documentation task involves Eat little financial agree explain energy either weight.,19-08-2025,09-10-2025,Tyler,Medium,Documentation,5
178,Backend Task: Synergistic well-modulated protocol,Backend Task task involves Teacher standard eye rich difference film less day throw scene someone situation.,05-10-2025,17-10-2025,Cynthia,Medium,Backend Task,9
179,Feature: Future-proofed uniform definition,Feature task involves Account show source arm increase land involve know.,10-08-2025,15-10-2025,Christine,Medium,Feature,2
180,UI Update: Cross-group 3rdgeneration Local Area Network,UI Update task involves Especially find town result woman spring change policy marriage participant phone surface air.,23-09-2025,29-10-2025,Laura,Medium,UI Update,1
181,Security: Re-contextualized reciprocal workforce,Security task involves Reach firm charge create out evening her.,11-09-2025,12-10-2025,Christopher,High,Security,9
182,Client Call: User-centric national model,Client Call task involves Sell turn growth imagine just build ask court.,20-09-2025,26-09-2025,Todd,Medium,Client Call,9
183,Performance Optimization: Devolved optimal access,Performance Optimization task involves Quality cultural identify opportunity go enter whose lay.,23-09-2025,25-10-2025,Lindsey,Medium,Performance Optimization,9
184,Database Update: Switchable optimizing archive,Database Update task involves For can recently smile so project my choose quite save.,08-09-2025,07-11-2025,Christopher,High,Database Update,6
185,Bug: Right-sized next generation definition,Bug task involves Major reality difficult political factor build discover detail truth position stay.,13-09-2025,14-09-2025,Edward,Medium,Bug,8
186,API Development: Horizontal fresh-thinking matrix,API Development task involves Sport clear board check prepare bank true figure thus six get.,14-09-2025,07-10-2025,William,High,API Development,1
187,Backend Task: De-engineered optimizing core,Backend Task task involves Weight to bank smile government she represent out control.,26-09-2025,22-10-2025,Todd,Medium,Backend Task,4
188,Documentation: Re-contextualized optimal Internet solution,Documentation task involves Hot school three quite this yourself management factor card.,11-09-2025,05-10-2025,Laura,Medium,Documentation,1
189,Feature: Programmable intangible utilization,Feature task involves Late hear large bed agency service administration evening husband consider lay social.,10-08-2025,25-10-2025,Cody,Medium,Feature,8
190,Feature: Profound composite contingency,Feature task involves Along authority pull year situation teach pick improve toward get learn.,05-10-2025,06-10-2025,Christopher,Low,Feature,1
191,Code Review: Synchronized needs-based flexibility,Code Review task involves Behavior understand appear foreign top want real commercial.,30-09-2025,30-10-2025,Jamie,Medium,Code Review,3
192,Improvement: Profound well-modulated encoding,Improvement task involves Into way moment week none government catch hard third lay exactly.,24-09-2025,28-10-2025,Natalie,Medium,Improvement,4
193,Performance Optimization: Multi-layered multimedia hierarchy,Performance Optimization task involves Arrive through economy face total show bag.,22-08-2025,22-10-2025,Jamie,Medium,Performance Optimization,8
194,Performance Optimization: Reverse-engineered client-server protocol,Performance Optimization task involves They compare guess enough opportunity poor certainly task name choice.,05-09-2025,21-10-2025,Martin,Low,Performance Optimization,6
195,Integration: Right-sized intermediate open architecture,Integration task involves Method me seem most room several compare realize.,27-09-2025,03-11-2025,Jason,Medium,Integration,7
196,Improvement: Front-line full-range database,Improvement task involves Big evening their agent discuss wife window simply ahead sometimes party.,17-08-2025,07-11-2025,James,Medium,Improvement,8
197,Design: Networked stable function,Design task involves Assume natural system generation message growth believe drop dream treat act tonight.,27-08-2025,13-09-2025,Cynthia,Medium,Design,2
198,Integration: Operative tangible adapter,Integration task involves Present perform may street during help call minute body nation simple hair.,15-09-2025,08-10-2025,Natalie,High,Integration,8
199,Testing: Right-sized radical encoding,Testing task involves Up question enjoy east those father for executive huge bar save key thought.,05-10-2025,05-11-2025,Laura,Medium,Testing,3
200,Design: Cross-platform discrete middleware,Design task involves Individual although me something teacher make media.,11-09-2025,30-10-2025,David,Medium,Design,7
201,Database Update: Business-focused bifurcated contingency,Database Update task involves Floor science get amount offer scientist attention single detail keep effect gas.,02-10-2025,07-10-2025,Natalie,Low,Database Update,3
202,API Development: Monitored zero tolerance throughput,API Development task involves Husband customer point old billion mother sort produce.,11-08-2025,22-08-2025,Jeffrey,Medium,API Development,7
203,Bug: Enterprise-wide motivating policy,Bug task involves Plant around practice identify your every head particular budget maybe.,12-09-2025,22-10-2025,William,High,Bug,2
204,Client Call: Optimized non-volatile paradigm,Client Call task involves Pay career next director help put sure Mr risk much.,17-09-2025,22-09-2025,Natalie,Medium,Client Call,6
205,Database Update: Fully-configurable systematic superstructure,Database Update task involves Beat body reason heart throughout some eight apply drug any.,04-09-2025,06-09-2025,David,Low,Database Update,3
206,Backend Task: Vision-oriented real-time Local Area Network,Backend Task task involves Coach property over southern act loss media.,08-09-2025,11-09-2025,Jessica,Medium,Backend Task,3
207,Documentation: Exclusive transitional definition,Documentation task involves Seat international where enough project computer too.,17-08-2025,04-11-2025,Christine,Medium,Documentation,9
208,Meeting: Realigned mobile pricing structure,Meeting task involves Clearly special month series total remain imagine represent.,23-09-2025,22-10-2025,Jorge,Medium,Meeting,7
209,Meeting: Phased interactive neural-net,Meeting task involves Notice about same lay range style half bank respond do response without.,30-08-2025,04-10-2025,Lindsey,High,Meeting,5
210,Documentation: Customizable human-resource challenge,Documentation task involves Model key central according act again.,28-09-2025,28-10-2025,David,High,Documentation,7
211,Database Update: Grass-roots holistic instruction set,Database Update task involves Citizen with responsibility edge land number fact.,26-09-2025,14-10-2025,Tyler,High,Database Update,9
212,Deployment: Universal analyzing encoding,Deployment task involves American perform girl teacher wrong professional most state campaign stay floor hour so.,25-08-2025,16-10-2025,William,Low,Deployment,1
213,Research: Function-based mobile middleware,Research task involves Medical those nothing but than manager management behind.,29-09-2025,03-11-2025,Annette,Medium,Research,7
214,Security: Synchronized regional help-desk,Security task involves Bad coach win allow father bag stage heart quality second draw game.,28-08-2025,23-09-2025,Lindsey,Medium,Security,6
215,DevOps: Expanded heuristic superstructure,DevOps task involves Deal often marriage range majority war recognize successful eat positive little democratic.,06-10-2025,19-10-2025,Cynthia,Medium,DevOps,9
216,Feature: Configurable grid-enabled moratorium,Feature task involves Hair throughout development window open miss left most site quality of.,13-08-2025,30-10-2025,Jamie,Low,Feature,1
217,Client Call: Business-focused mobile instruction set,Client Call task involves Song friend yard center perform himself you general sure Congress parent.,17-09-2025,03-10-2025,Martin,Medium,Client Call,4
218,Client Call: Pre-emptive client-driven open system,Client Call task involves Education hand physical likely star resource person but teacher Mrs.,15-09-2025,20-10-2025,Sandra,Low,Client Call,9
219,Performance Optimization: Balanced radical parallelism,Performance Optimization task involves Mean reason citizen age officer think community Congress call year first find.,21-08-2025,19-10-2025,David,Medium,Performance Optimization,4
220,Bug: Re-contextualized uniform algorithm,Bug task involves While else during media general laugh line statement week purpose.,11-08-2025,14-09-2025,Jeffrey,High,Bug,3
221,Performance Optimization: Profit-focused object-oriented help-desk,Performance Optimization task involves Organization trial fall page health admit water guy together sound method list last.,03-10-2025,08-10-2025,Annette,Medium,Performance Optimization,9
222,Improvement: Total static framework,Improvement task involves Offer sing necessary officer for cold owner police box room.,02-09-2025,10-09-2025,James,Low,Improvement,2
223,Meeting: Virtual tangible collaboration,Meeting task involves Small movie season million compare ability.,29-08-2025,05-10-2025,Natalie,Low,Meeting,4
224,DevOps: Realigned well-modulated attitude,DevOps task involves Practice own part allow fill budget power company major mean himself American from.,10-09-2025,12-09-2025,Christine,Low,DevOps,6
225,Code Review: Synergized bottom-line approach,Code Review task involves Itself suffer yet people old democratic beat lose tend evening.,10-09-2025,02-10-2025,Edward,Low,Code Review,2
226,Refactoring: Configurable 4thgeneration ability,Refactoring task involves Arm student necessary senior give growth attention suffer arm.,25-09-2025,06-11-2025,David,Low,Refactoring,8
227,Research: Integrated directional hub,Research task involves Only away partner reveal position possible discuss.,25-09-2025,02-10-2025,Jamie,High,Research,8
228,Backend Task: Networked motivating moratorium,Backend Task task involves Simply probably yourself cost computer strategy physical strategy us left chance exist pattern talk.,10-08-2025,25-10-2025,William,Medium,Backend Task,1
229,API Development: Up-sized dedicated neural-net,API Development task involves Star rest six late pay ever play check bed.,18-08-2025,14-09-2025,Jeffrey,Medium,API Development,3
230,Backend Task: Quality-focused directional open architecture,Backend Task task involves Democratic people join wonder large support movement culture rate executive.,23-08-2025,03-09-2025,Natalie,High,Backend Task,9
231,Improvement: Reactive context-sensitive core,Improvement task involves Writer these election image cost reality least.,18-08-2025,15-09-2025,Todd,High,Improvement,5
232,Security: Polarized incremental toolset,Security task involves My south store never career almost.,18-09-2025,25-10-2025,Natalie,Medium,Security,6
233,Documentation: Intuitive dedicated archive,Documentation task involves He per quickly position natural maintain control.,27-08-2025,27-08-2025,Jessica,Medium,Documentation,4
234,Improvement: Integrated methodical benchmark,Improvement task involves Actually cut adult office growth house nor research live follow religious woman.,27-09-2025,05-11-2025,David,Medium,Improvement,2
235,Code Review: Reverse-engineered needs-based help-desk,Code Review task involves Late begin score maybe collection husband.,26-09-2025,26-09-2025,Martin,High,Code Review,8
236,Feature: Object-based user-facing productivity,Feature task involves Above east meeting kitchen weight create college off believe.,01-09-2025,20-10-2025,Kevin,Medium,Feature,6
237,API Development: Digitized explicit info-mediaries,API Development task involves Take movie movement hit sit executive team trouble ball fund million.,05-10-2025,07-11-2025,Martin,Medium,API Development,5
238,Security: Programmable hybrid circuit,Security task involves Writer physical move good add building something.,28-08-2025,04-09-2025,James,Medium,Security,9
239,Backend Task: Focused homogeneous system engine,Backend Task task involves Painting magazine audience week who paper after wall.,02-10-2025,31-10-2025,David,Low,Backend Task,1
240,Integration: Upgradable radical hierarchy,Integration task involves Drop road risk practice painting morning consider.,20-09-2025,05-10-2025,Cody,Medium,Integration,5
241,Performance Optimization: Organized scalable ability,Performance Optimization task involves Add election someone move season together six red toward there fact continue church.,07-09-2025,01-11-2025,Paula,Medium,Performance Optimization,6
242,Security: Organized composite paradigm,Security task involves Add own growth Congress sense arm knowledge voice decision heart a catch.,22-08-2025,06-11-2025,Jason,Medium,Security,5
243,Security: Re-contextualized mission-critical open system,Security task involves Item find bed want do hotel race prove defense image across.,14-09-2025,04-11-2025,David,Medium,Security,6
244,Backend Task: Front-line 6thgeneration system engine,Backend Task task involves Decade laugh show ahead training someone option heavy already during no time upon.,26-09-2025,05-10-2025,Christopher,High,Backend Task,6
245,Improvement: Face-to-face scalable architecture,Improvement task involves Purpose dark relationship when compare pass term natural thus.,22-09-2025,20-10-2025,David,High,Improvement,7
246,Testing: Polarized bifurcated infrastructure,Testing task involves Or throughout change argue goal within majority.,03-09-2025,29-09-2025,Sandra,High,Testing,4
247,Meeting: Intuitive bandwidth-monitored system engine,Meeting task involves Serve born statement sea exactly fight civil production set follow.,31-08-2025,03-09-2025,Jason,Medium,Meeting,8
248,Bug: Open-source bi-directional middleware,Bug task involves Agency remain dog position century senior.,17-08-2025,25-10-2025,Edward,Medium,Bug,7
249,Integration: Optimized 4thgeneration policy,Integration task involves Myself hand test civil painting good physical off laugh professor rise blue woman.,05-09-2025,07-11-2025,Lindsey,High,Integration,9
250,Integration: Progressive incremental implementation,Integration task involves Responsibility consider admit training just important air series someone wonder my story official.,17-09-2025,20-10-2025,Annette,Medium,Integration,7
251,UI Update: Cross-platform human-resource intranet,UI Update task involves Site watch use her society staff down left.,14-09-2025,31-10-2025,Jessica,High,UI Update,3
252,Integration: Enterprise-wide intermediate contingency,Integration task involves Indicate drive finally character different produce question what phone card six well least.,14-08-2025,03-10-2025,Jeffrey,Medium,Integration,3
253,Backend Task: Advanced global analyzer,Backend Task task involves Paper couple century film have truth order go reach close financial doctor us.,18-08-2025,03-09-2025,Ryan,Low,Backend Task,8
254,Database Update: Business-focused heuristic architecture,Database Update task involves Choice source cup suffer concern father east.,03-09-2025,06-09-2025,Tyler,Medium,Database Update,5
255,Code Review: Grass-roots didactic forecast,Code Review task involves House thought wrong note people example.,14-08-2025,05-11-2025,James,Medium,Code Review,4
256,Research: Optimized contextually-based framework,Research task involves Room focus week two same bring science medical short every plan.,02-10-2025,23-10-2025,James,Medium,Research,8
257,Security: Cross-platform zero administration toolset,Security task involves Research red development admit probably space unit near through.,21-09-2025,05-11-2025,Paula,High,Security,6
258,Client Call: Distributed intangible adapter,Client Call task involves Alone increase each strategy talk report price.,03-09-2025,06-10-2025,David,Low,Client Call,2
259,Client Call: Stand-alone grid-enabled artificial intelligence,Client Call task involves City full specific reach others significant instead six recognize most.,08-10-2025,19-10-2025,Jessica,Low,Client Call,4
260,Database Update: Down-sized needs-based alliance,Database Update task involves Number kid usually agree memory baby fill national.,01-09-2025,29-10-2025,David,Medium,Database Update,4
261,Security: Re-engineered mobile interface,Security task involves Catch during national as area away speak argue.,07-10-2025,02-11-2025,Todd,High,Security,6
262,Backend Task: Decentralized interactive orchestration,Backend Task task involves Thing no walk buy say land somebody.,02-09-2025,22-09-2025,Christopher,Medium,Backend Task,6
263,Code Review: Enterprise-wide multi-tasking knowledgebase,Code Review task involves Threat environment see nothing also stock range least player experience chance.,06-10-2025,11-10-2025,Christine,Medium,Code Review,1
264,Testing: Multi-layered high-level task-force,Testing task involves Quickly own financial big step far thousand.,18-08-2025,25-08-2025,Lindsey,Medium,Testing,8
265,Research: Down-sized multi-tasking secured line,Research task involves Thus wide artist it when news marriage sell simply message.,01-10-2025,06-11-2025,Todd,Low,Research,6
266,DevOps: Organized needs-based portal,DevOps task involves True result west eat act instead.,07-09-2025,30-09-2025,Christine,High,DevOps,3
267,Database Update: Pre-emptive web-enabled service-desk,Database Update task involves Major call decade authority race pretty over case indicate join type feel.,23-08-2025,27-10-2025,Cody,High,Database Update,9
268,Security: Synergistic heuristic open system,Security task involves Official often focus own good myself environment away easy finish thousand.,04-10-2025,10-10-2025,Jorge,Medium,Security,2
269,Client Call: Stand-alone bottom-line budgetary management,Client Call task involves Despite seem bar face through single race I finish surface data build.,11-08-2025,05-09-2025,Martin,Medium,Client Call,8
270,Bug: Fully-configurable secondary focus group,Bug task involves Hair night half strong late bit camera society difficult government several why.,02-09-2025,11-10-2025,Zachary,High,Bug,3
271,Code Review: Quality-focused foreground Local Area Network,Code Review task involves Plan table where while often keep weight product believe rather vote.,05-10-2025,03-11-2025,Jamie,Low,Code Review,5
272,Deployment: Multi-channeled analyzing middleware,Deployment task involves Staff candidate movie word employee data somebody college past too own shake.,24-09-2025,22-10-2025,William,Medium,Deployment,6
273,Database Update: Cloned well-modulated open system,Database Update task involves Size nature hour serve among may not.,01-10-2025,08-10-2025,Christopher,High,Database Update,6
274,Code Review: Extended bottom-line matrices,Code Review task involves Then after move will tax forget down woman about majority free.,29-08-2025,15-10-2025,Edward,High,Code Review,4
275,Performance Optimization: Down-sized context-sensitive concept,Performance Optimization task involves Green successful away a write near performance nature some recently take.,13-09-2025,10-10-2025,Lindsey,Low,Performance Optimization,3
276,Design: Centralized scalable model,Design task involves Save about me record remember prove education record they.,25-09-2025,20-10-2025,Kevin,High,Design,4
277,Backend Task: Universal actuating circuit,Backend Task task involves Treatment machine his claim analysis together himself set mouth.,24-09-2025,12-10-2025,Jorge,High,Backend Task,1
278,Meeting: Progressive bi-directional intranet,Meeting task involves Film heavy last above away better summer deep manage.,09-09-2025,26-10-2025,Laura,Low,Meeting,4
279,Design: Multi-channeled bifurcated algorithm,Design task involves Decision century point she experience number rather story.,26-08-2025,08-09-2025,Tyler,Low,Design,1
280,Client Call: Universal client-driven knowledgebase,Client Call task involves Little media perhaps space action style.,10-09-2025,08-10-2025,Tyler,Medium,Client Call,1
281,DevOps: Cross-platform modular benchmark,DevOps task involves Relate item wall piece reason rock quite.,16-08-2025,21-09-2025,James,Low,DevOps,6
282,Documentation: Customer-focused analyzing framework,Documentation task involves Charge structure space office chance current.,21-09-2025,21-10-2025,David,High,Documentation,5
283,Design: Switchable directional help-desk,Design task involves Peace worker trial available ready civil family art nor spring risk want.,14-09-2025,14-10-2025,James,Medium,Design,4
284,Testing: Front-line system-worthy database,Testing task involves Available yourself recognize majority within catch for audience.,25-09-2025,29-09-2025,James,Medium,Testing,3
285,Integration: Switchable hybrid migration,Integration task involves Two personal court simply start moment project head statement decade draw.,05-10-2025,31-10-2025,Jorge,Medium,Integration,1
286,Meeting: Stand-alone encompassing definition,Meeting task involves Easy audience treat amount spend everybody keep agreement person present than seek general.,26-08-2025,06-11-2025,Cynthia,Medium,Meeting,6
287,Performance Optimization: Right-sized stable capacity,Performance Optimization task involves Skill operation I think decision more someone civil care open.,23-08-2025,27-08-2025,Jamie,Medium,Performance Optimization,2
288,Client Call: Monitored holistic access,Client Call task involves Environmental be hit reveal Democrat strong offer.,09-09-2025,13-10-2025,Jorge,High,Client Call,8
289,Performance Optimization: Visionary context-sensitive methodology,Performance Optimization task involves Pass marriage however force man answer surface term trial nearly.,21-08-2025,03-11-2025,Edward,Medium,Performance Optimization,5
290,Security: Inverse content-based attitude,Security task involves Chance laugh hope west start another quality eye.,15-09-2025,26-10-2025,Christine,Medium,Security,7
291,UI Update: Pre-emptive maximized middleware,UI Update task involves Huge culture direction drive such catch policy position give series.,27-09-2025,05-10-2025,Sandra,Medium,UI Update,2
292,Deployment: Innovative stable initiative,Deployment task involves Thousand three fill try image push several point miss start.,28-09-2025,15-10-2025,Zachary,High,Deployment,8
293,Design: Optimized discrete pricing structure,Design task involves Field interest government run deal relationship become record care employee American mission.,03-10-2025,19-10-2025,Cody,High,Design,2
294,Refactoring: Future-proofed national interface,Refactoring task involves Would that allow believe live perform by.,30-08-2025,17-09-2025,Cynthia,Medium,Refactoring,4
295,Code Review: Down-sized client-server strategy,Code Review task involves Room suffer up security whose information keep bit official maybe.,19-09-2025,07-10-2025,James,High,Code Review,1
296,UI Update: Sharable zero-defect product,UI Update task involves He improve large us check despite scene push next believe teacher first.,22-08-2025,14-10-2025,Todd,Medium,UI Update,5
297,Backend Task: Focused well-modulated help-desk,Backend Task task involves Spend interesting ready nor idea hundred score present none board level study involve.,01-09-2025,19-10-2025,Jason,Medium,Backend Task,9
298,API Development: Devolved empowering superstructure,API Development task involves Southern speak occur hospital prevent one model beat alone mother strategy pattern must.,18-09-2025,21-09-2025,Annette,Low,API Development,1
299,Improvement: Face-to-face holistic success,Improvement task involves Paper start better part order give high event rather.,02-09-2025,10-10-2025,Jorge,High,Improvement,9
300,UI Update: Re-engineered multi-tasking leverage,UI Update task involves Tree next wide kitchen something front word minute Congress piece something.,10-08-2025,23-08-2025,Jessica,High,UI Update,8
301,UI Update: Horizontal neutral moratorium,UI Update task involves Class opportunity beat region still economic power into agency condition both lot area.,14-09-2025,28-10-2025,Edward,Low,UI Update,6
302,Security: Robust human-resource portal,Security task involves Government watch common let brother turn seem store rate.,04-10-2025,03-11-2025,Martin,Medium,Security,7
303,Documentation: Progressive solution-oriented groupware,Documentation task involves Our assume peace issue owner fast paper.,12-08-2025,26-08-2025,Christopher,Low,Documentation,3
304,Research: Monitored intangible emulation,Research task involves Own court particular strong politics technology would own traditional place make employee.,03-10-2025,06-10-2025,Jorge,Medium,Research,1
305,Performance Optimization: Function-based upward-trending strategy,Performance Optimization task involves Learn right writer bring conference night name paper in only across speak.,04-10-2025,26-10-2025,Annette,Medium,Performance Optimization,5
306,Documentation: Horizontal regional leverage,Documentation task involves Begin guy option involve radio bar image part cold.,28-08-2025,10-10-2025,Annette,Low,Documentation,2
307,Meeting: Vision-oriented attitude-oriented concept,Meeting task involves Green cold magazine imagine board section assume recently.,15-08-2025,26-08-2025,Laura,Medium,Meeting,5
308,Code Review: Adaptive upward-trending Graphic Interface,Code Review task involves Expect risk behavior ever central move over sound shake.,17-08-2025,22-10-2025,Laura,High,Code Review,8
309,Integration: Public-key holistic software,Integration task involves Change practice add agree number conference goal firm pattern try without newspaper.,29-08-2025,08-09-2025,Kevin,Medium,Integration,9
310,Code Review: Synergized bifurcated architecture,Code Review task involves Energy city four important place spring eight modern people than authority.,02-09-2025,03-10-2025,Jeffrey,High,Code Review,2
311,Design: Adaptive tertiary projection,Design task involves Media million religious today if family card person always government suddenly.,12-09-2025,26-09-2025,Martin,High,Design,3
312,Backend Task: Grass-roots responsive task-force,Backend Task task involves Individual goal indicate produce wonder throughout community between.,27-09-2025,28-10-2025,Kevin,Medium,Backend Task,3
313,Security: Open-source multimedia Internet solution,Security task involves Hold late more explain professor hospital exist number friend figure debate act.,11-08-2025,28-08-2025,David,High,Security,1
314,Feature: Inverse encompassing collaboration,Feature task involves Decide strong play start way relate consider sound ever gas you ability bad his.,25-08-2025,17-10-2025,Sandra,Medium,Feature,8
315,Bug: Pre-emptive methodical website,Bug task involves Actually use before popular tree success church test term deep.,12-08-2025,09-09-2025,Sandra,High,Bug,6
316,API Development: Advanced zero-defect function,API Development task involves Music say billion form use attorney nice.,01-10-2025,02-11-2025,Christopher,Low,API Development,8
317,Documentation: Sharable actuating matrices,Documentation task involves Nation day site a forward security section soon sing fly try star.,30-09-2025,30-09-2025,William,Medium,Documentation,9
318,Client Call: Advanced bottom-line alliance,Client Call task involves Century ten exist religious activity nation send much.,17-09-2025,05-10-2025,Laura,High,Client Call,5
319,Database Update: Grass-roots high-level initiative,Database Update task involves Head your perhaps stand music than out house phone sit laugh save explain.,26-08-2025,10-09-2025,Ryan,High,Database Update,3
320,Improvement: Expanded bi-directional service-desk,Improvement task involves Particular happy night catch next recently key doctor six.,29-08-2025,29-10-2025,Jamie,High,Improvement,5
321,Backend Task: Assimilated explicit workforce,Backend Task task involves Himself piece president war way season group live simply.,01-09-2025,28-09-2025,Paula,Medium,Backend Task,5
322,Documentation: Open-architected client-server firmware,Documentation task involves Wind enjoy hard may I fight seem allow after.,20-09-2025,31-10-2025,Lindsey,Low,Documentation,5
323,UI Update: User-centric web-enabled paradigm,UI Update task involves Rest building south day rest strong five.,29-08-2025,17-10-2025,Jamie,Medium,UI Update,3
324,Deployment: Multi-tiered foreground functionalities,Deployment task involves Base physical offer cause deal Democrat out candidate.,09-09-2025,31-10-2025,Paula,High,Deployment,4
325,Backend Task: Realigned modular process improvement,Backend Task task involves Effort network sit tough just church as effect detail catch behind recognize recently.,05-10-2025,09-10-2025,David,Medium,Backend Task,9
326,Backend Task: Open-architected 4thgeneration archive,Backend Task task involves Everyone main small without budget itself tax once church thought none nature.,25-09-2025,21-10-2025,Jason,Medium,Backend Task,9
327,Performance Optimization: Open-source regional website,Performance Optimization task involves Deal keep actually picture them sense.,04-10-2025,27-10-2025,Jeffrey,High,Performance Optimization,2
328,Bug: Centralized systemic product,Bug task involves Daughter become campaign among stop whose.,13-08-2025,03-11-2025,Paula,Medium,Bug,8
329,Backend Task: Multi-tiered 24hour extranet,Backend Task task involves Full eat lead focus authority notice organization vote.,02-09-2025,20-10-2025,Natalie,Medium,Backend Task,8
330,Client Call: Programmable bi-directional synergy,Client Call task involves Air decide all draw spring with reach middle unit throughout hope.,14-08-2025,28-10-2025,Laura,Medium,Client Call,7
331,Design: Self-enabling neutral concept,Design task involves Week risk building until good reality return specific television perhaps note manage possible.,17-08-2025,14-09-2025,Tyler,Low,Design,8
332,Feature: Customer-focused discrete open system,Feature task involves Election certain ask town choose then imagine authority bring read wish.,26-09-2025,30-10-2025,Lindsey,High,Feature,3
333,Improvement: Assimilated global intranet,Improvement task involves Themselves thought marriage those speech language they open argue over according town.,10-08-2025,18-08-2025,Annette,Medium,Improvement,6
334,Testing: Organic analyzing Graphic Interface,Testing task involves Exist walk us key positive bag.,06-09-2025,25-09-2025,James,Medium,Testing,1
335,Security: Cloned zero administration adapter,Security task involves Go out sign total pass could strategy TV name.,14-08-2025,01-11-2025,Natalie,Medium,Security,7
336,Backend Task: Open-source optimal solution,Backend Task task involves Movement Mrs institution participant likely single.,12-08-2025,11-09-2025,Natalie,High,Backend Task,1
337,UI Update: Customizable coherent protocol,UI Update task involves The expect really rich information north.,25-08-2025,06-11-2025,Kevin,High,UI Update,9
338,Security: Object-based demand-driven encryption,Security task involves Kitchen beautiful spring everyone condition option.,23-08-2025,23-09-2025,Lindsey,High,Security,1
339,Research: Horizontal responsive challenge,Research task involves Fish majority size wife like ago summer.,12-08-2025,30-10-2025,Cynthia,Low,Research,1
340,Backend Task: Progressive client-driven moderator,Backend Task task involves Sea us federal recently significant night better finish suffer watch real.,25-09-2025,17-10-2025,Jason,Medium,Backend Task,7
341,API Development: Automated multi-tasking extranet,API Development task involves Part benefit character I federal across when tell interview security.,30-08-2025,01-11-2025,Paula,High,API Development,2
342,Code Review: Object-based full-range pricing structure,Code Review task involves Challenge including market myself rock population number performance hear opportunity.,22-08-2025,05-09-2025,Natalie,Medium,Code Review,5
343,Bug: Seamless uniform parallelism,Bug task involves Generation idea agency structure different or child billion health experience happy.,17-08-2025,06-11-2025,Kevin,Medium,Bug,8
344,Performance Optimization: Assimilated solution-oriented function,Performance Optimization task involves Image plan project within same science white thus purpose field.,19-09-2025,23-09-2025,Kevin,Low,Performance Optimization,8
345,Client Call: Stand-alone web-enabled support,Client Call task involves Heart former prove around development manager former.,20-09-2025,06-11-2025,Paula,Medium,Client Call,3
346,Deployment: Operative demand-driven info-mediaries,Deployment task involves World class team federal site check way human include discussion sell whom figure.,19-08-2025,05-09-2025,Jorge,High,Deployment,7
347,Design: Diverse exuding productivity,Design task involves Today sea as deal too lay Democrat without.,12-09-2025,30-10-2025,William,Medium,Design,3
348,UI Update: Devolved discrete array,UI Update task involves Economic start production meeting expert state better design cover gas to cup.,31-08-2025,20-10-2025,William,Medium,UI Update,6
349,Design: Centralized radical interface,Design task involves Purpose near help home interesting thousand away federal notice.,30-09-2025,15-10-2025,Jeffrey,Low,Design,6
350,Client Call: Implemented optimizing model,Client Call task involves Another not up how information within century best.,21-08-2025,05-09-2025,Annette,High,Client Call,3
351,Client Call: Organized high-level help-desk,Client Call task involves Other director listen necessary network bar theory fly international.,06-09-2025,23-10-2025,Christine,Medium,Client Call,7
352,Code Review: Digitized 4thgeneration paradigm,Code Review task involves Political account job federal town financial.,20-08-2025,26-09-2025,David,Medium,Code Review,3
353,Performance Optimization: Advanced maximized methodology,Performance Optimization task involves Reduce foreign head allow instead throughout change model area while front.,12-09-2025,16-09-2025,Christine,High,Performance Optimization,8
354,DevOps: Profit-focused disintermediate strategy,DevOps task involves Home marriage indicate time PM fire smile community your.,18-09-2025,13-10-2025,Ryan,Medium,DevOps,4
355,Testing: Reactive zero administration standardization,Testing task involves Thus actually within week care teach visit operation learn.,22-08-2025,28-09-2025,Lindsey,Medium,Testing,1
356,Documentation: Open-source high-level software,Documentation task involves Color run miss home herself must indeed card.,16-08-2025,16-08-2025,Paula,Low,Documentation,4
357,DevOps: Progressive radical installation,DevOps task involves Whom prevent do sell morning maintain cup ahead wait determine take expert place.,29-08-2025,12-09-2025,Sandra,Medium,DevOps,7
358,Integration: Reduced regional adapter,Integration task involves Cost rate close fine ball thing model major begin moment.,20-09-2025,18-10-2025,Christine,Medium,Integration,4
359,Meeting: Vision-oriented 6thgeneration throughput,Meeting task involves Lay exactly low few figure have still trade.,08-10-2025,05-11-2025,Sandra,High,Meeting,6
360,Database Update: Programmable mission-critical complexity,Database Update task involves Common education pressure establish trouble next economic.,26-09-2025,22-10-2025,Paula,Low,Database Update,9
361,Refactoring: Face-to-face demand-driven array,Refactoring task involves Seek knowledge sound official any window tonight strategy pick character cut group.,18-09-2025,15-10-2025,Sandra,High,Refactoring,1
362,Client Call: Organized logistical secured line,Client Call task involves Stand stage impact fly despite expert middle.,24-09-2025,16-10-2025,Jorge,Low,Client Call,5
363,Client Call: Horizontal 5thgeneration strategy,Client Call task involves Major wrong stop science campaign enter.,26-09-2025,06-11-2025,William,Medium,Client Call,7
364,Backend Task: Mandatory object-oriented utilization,Backend Task task involves Outside bed suffer poor author interest manage relationship student.,27-09-2025,26-10-2025,Christine,Medium,Backend Task,1
365,Design: Advanced optimal model,Design task involves Stage law trouble deal per table wonder check ball.,04-10-2025,12-10-2025,James,High,Design,4
366,Backend Task: Quality-focused fault-tolerant intranet,Backend Task task involves Again look wear whatever throw dinner leave even.,22-08-2025,01-10-2025,Jeffrey,Medium,Backend Task,6
367,Bug: Multi-tiered radical hub,Bug task involves Quality fear benefit me like interesting.,30-09-2025,07-11-2025,Ryan,Medium,Bug,2
368,Improvement: Front-line tangible access,Improvement task involves Call speech information present individual late challenge carry she million official else week.,01-10-2025,04-11-2025,Christopher,Low,Improvement,5
369,Bug: Intuitive methodical core,Bug task involves Thank many word other society space court agency born on garden southern recent.,20-09-2025,16-10-2025,Todd,High,Bug,1
370,API Development: Assimilated maximized toolset,API Development task involves Weight already person such level set change to face seven occur whatever go.,15-09-2025,02-10-2025,Edward,Low,API Development,6
371,Performance Optimization: Integrated actuating portal,Performance Optimization task involves Minute finish production knowledge imagine close watch special range less stay must.,03-10-2025,17-10-2025,Lindsey,Medium,Performance Optimization,6
372,Refactoring: Enterprise-wide impactful policy,Refactoring task involves Condition many mother quite our on third wonder I rule matter.,18-08-2025,19-08-2025,David,Medium,Refactoring,4
373,Testing: Object-based client-driven hierarchy,Testing task involves Hotel authority work prepare indeed between but reach create enter into.,08-09-2025,29-09-2025,Lindsey,High,Testing,8
374,Design: Expanded even-keeled moderator,Design task involves Whatever sit very consumer say whether fly rule.,06-10-2025,21-10-2025,Kevin,Medium,Design,4
375,Deployment: Fundamental well-modulated productivity,Deployment task involves Wear note case air why scientist college seek anything buy stage employee.,08-09-2025,02-10-2025,Tyler,Medium,Deployment,8
376,Meeting: Digitized object-oriented ability,Meeting task involves Series different she pretty nature travel air.,09-09-2025,20-10-2025,Laura,Medium,Meeting,8
377,Security: Expanded maximized portal,Security task involves Support Mr building article west human later fire.,23-08-2025,04-11-2025,David,Medium,Security,5
378,Integration: Public-key secondary policy,Integration task involves Shoulder sense chance material who deep nature nearly to face.,22-09-2025,25-09-2025,Jason,Low,Integration,4
379,Testing: Seamless explicit software,Testing task involves Force everybody business crime bar hear information.,03-10-2025,31-10-2025,Kevin,Medium,Testing,2
380,Code Review: Advanced optimal capability,Code Review task involves Look central own ask win understand near quality house eye seem end.,11-09-2025,27-10-2025,Natalie,High,Code Review,3
381,Improvement: Profound value-added strategy,Improvement task involves Research number ago company respond item.,31-08-2025,31-08-2025,Annette,Medium,Improvement,3
382,Documentation: Persevering executive info-mediaries,Documentation task involves Soldier sister standard back still notice either drug size.,06-10-2025,19-10-2025,Lindsey,High,Documentation,4
383,Refactoring: Implemented motivating open architecture,Refactoring task involves Talk floor picture PM garden after total wait rather back team evidence.,16-09-2025,16-09-2025,Christine,High,Refactoring,4
384,Design: Fully-configurable multi-state methodology,Design task involves Them you woman soldier gun goal message.,18-09-2025,23-10-2025,William,Medium,Design,5
385,Client Call: Future-proofed real-time approach,Client Call task involves Explain nearly religious now unit decision indicate skin century better.,03-09-2025,09-09-2025,Tyler,Medium,Client Call,4
386,Integration: Ameliorated homogeneous ability,Integration task involves Study form always perhaps although age.,12-09-2025,21-09-2025,Laura,Low,Integration,8
387,Testing: Ameliorated transitional extranet,Testing task involves Case return art political majority level high mean people city.,09-09-2025,18-09-2025,Lindsey,Medium,Testing,6
388,Security: Organic multimedia implementation,Security task involves Suggest some ahead short account painting citizen movie each everything.,18-09-2025,30-09-2025,Annette,High,Security,6
389,Meeting: Up-sized grid-enabled emulation,Meeting task involves Them price serious ever hit seven method stop.,22-08-2025,08-09-2025,Lindsey,Medium,Meeting,8
390,Documentation: Business-focused methodical emulation,Documentation task involves Break meet recently method commercial where into wall summer product.,25-09-2025,17-10-2025,Tyler,High,Documentation,7
391,Documentation: Quality-focused real-time paradigm,Documentation task involves Really list choose many work drop task impact.,06-09-2025,13-09-2025,Todd,High,Documentation,8
392,Feature: Customer-focused optimal contingency,Feature task involves Doctor skill western or article head.,28-09-2025,15-10-2025,Tyler,High,Feature,2
393,Bug: Fully-configurable non-volatile task-force,Bug task involves Nor consider couple require stand Congress threat price senior tend instead no need.,20-08-2025,18-10-2025,Laura,High,Bug,9
394,Bug: Robust intangible frame,Bug task involves Send around treat accept style should since writer home whole machine.,19-09-2025,28-09-2025,Christopher,High,Bug,1
395,Code Review: Balanced well-modulated hardware,Code Review task involves Executive many mission Congress tend cover light price her control which natural.,03-10-2025,21-10-2025,David,High,Code Review,8
396,API Development: User-friendly reciprocal function,API Development task involves Protect center everything stay back himself clear might blue lot entire speech.,02-09-2025,20-10-2025,Sandra,High,API Development,4
397,Database Update: Stand-alone systematic data-warehouse,Database Update task involves Number else simple heart above position bed rich just.,28-08-2025,30-10-2025,Ryan,Low,Database Update,4
398,Improvement: Progressive background productivity,Improvement task involves Trial PM church despite daughter human sure deep give second.,01-10-2025,06-10-2025,Jamie,Medium,Improvement,5
399,Design: Reactive object-oriented encryption,Design task involves Or keep them others hard camera tend peace admit such.,04-10-2025,09-10-2025,Todd,Medium,Design,8
400,API Development: Fundamental needs-based monitoring,API Development task involves Matter law once fill play kind accept card.,08-10-2025,05-11-2025,Lindsey,Medium,API Development,5
401,Design: Upgradable fresh-thinking definition,Design task involves Out will after audience range how whose building.,17-09-2025,03-11-2025,Jason,Medium,Design,8
402,Meeting: Organic disintermediate encoding,Meeting task involves Part know have of several chance author school film situation change.,06-09-2025,13-09-2025,Jeffrey,Medium,Meeting,1
403,Backend Task: Multi-layered user-facing protocol,Backend Task task involves Late traditional government song candidate within can.,14-09-2025,29-09-2025,Ryan,Low,Backend Task,9
404,Testing: Optimized executive orchestration,Testing task involves Trip result each him enjoy boy.,24-09-2025,07-11-2025,Sandra,Medium,Testing,6
405,Performance Optimization: Virtual fault-tolerant workforce,Performance Optimization task involves Spend benefit simply relationship write teach research break be value remain military home contain.,06-10-2025,22-10-2025,Annette,Medium,Performance Optimization,3
406,Security: Robust executive algorithm,Security task involves Rather deep fire heavy entire conference Congress.,08-10-2025,03-11-2025,Jeffrey,Medium,Security,8
407,Code Review: Organized zero administration attitude,Code Review task involves Important leave notice represent job chance year enjoy close purpose suffer.,16-09-2025,10-10-2025,William,Low,Code Review,9
408,Meeting: Progressive bifurcated process improvement,Meeting task involves Thus Republican east throw father great nor.,31-08-2025,30-09-2025,Cody,Medium,Meeting,6
409,Research: Fully-configurable real-time knowledge user,Research task involves Just production people modern young himself have several drug indeed.,07-09-2025,19-10-2025,Kevin,Low,Research,7
410,Code Review: Triple-buffered dynamic Internet solution,Code Review task involves Able enough set future everything a season candidate age.,27-08-2025,03-10-2025,Martin,Medium,Code Review,1
411,UI Update: Team-oriented mobile open architecture,UI Update task involves Green try teacher religious cup certainly.,04-10-2025,28-10-2025,Kevin,High,UI Update,5
412,Integration: Re-engineered uniform monitoring,Integration task involves Owner better within who sign room election say edge fact discussion concern.,02-09-2025,28-10-2025,Tyler,Medium,Integration,5
413,Documentation: Phased empowering intranet,Documentation task involves Without sport hope opportunity impact partner national project set indeed though space office.,13-08-2025,21-09-2025,Jason,High,Documentation,4
414,Feature: Open-source upward-trending encoding,Feature task involves Certainly lose test work civil top church we network yeah.,25-08-2025,05-09-2025,Cynthia,Medium,Feature,6
415,Database Update: Fundamental transitional pricing structure,Database Update task involves Month team senior guess writer sense kitchen material until buy return.,28-08-2025,14-10-2025,David,Medium,Database Update,7
416,Performance Optimization: Customer-focused multimedia database,Performance Optimization task involves Baby piece special join politics grow relate it drug herself two.,01-09-2025,17-09-2025,Sandra,High,Performance Optimization,9
417,Code Review: Diverse web-enabled Internet solution,Code Review task involves Impact type hear as TV professional role here case support station member why.,20-09-2025,20-10-2025,Laura,High,Code Review,1
418,Backend Task: De-engineered global initiative,Backend Task task involves Every article final side onto dog develop worry.,25-08-2025,26-09-2025,Jason,Low,Backend Task,6
419,Integration: Multi-layered 5thgeneration archive,Integration task involves Record sure style tell serve visit both gun human surface design middle.,06-10-2025,28-10-2025,Ryan,Medium,Integration,7
420,DevOps: Horizontal intermediate synergy,DevOps task involves Environmental question today case green could case bit hour although floor condition.,29-09-2025,06-11-2025,William,Medium,DevOps,3
421,Meeting: Managed client-server installation,Meeting task involves Contain stage beautiful administration third raise answer spend.,08-09-2025,08-09-2025,Christopher,High,Meeting,8
422,Refactoring: Versatile solution-oriented system engine,Refactoring task involves Ten stand before identify organization else.,30-08-2025,20-09-2025,Annette,Medium,Refactoring,5
423,Bug: Cross-group bifurcated knowledgebase,Bug task involves Enough fill left ask gun if project price keep wide send middle.,14-09-2025,02-11-2025,Annette,Medium,Bug,9
424,Bug: Progressive bottom-line array,Bug task involves War recent southern car believe good ground.,23-08-2025,07-10-2025,Edward,High,Bug,5
425,Integration: Pre-emptive executive encoding,Integration task involves Firm create age treat establish sell various.,10-09-2025,15-10-2025,Laura,Medium,Integration,9
426,Performance Optimization: Self-enabling bifurcated utilization,Performance Optimization task involves Recently money blue lead bag somebody free nice cell.,20-09-2025,15-10-2025,Sandra,Medium,Performance Optimization,4
427,DevOps: Digitized analyzing neural-net,DevOps task involves Have international social always fine American soon she model.,17-08-2025,01-10-2025,David,Medium,DevOps,9
428,Integration: Triple-buffered 24hour focus group,Integration task involves Word day scientist draw start wind believe tonight.,03-10-2025,14-10-2025,Martin,Low,Integration,5
429,Research: Operative executive functionalities,Research task involves Behind capital born or certain lead step sport these over culture score range.,20-08-2025,21-10-2025,Jeffrey,Low,Research,9
430,Bug: Multi-layered encompassing leverage,Bug task involves Population article stuff type affect work international visit personal might.,21-08-2025,04-09-2025,Paula,Medium,Bug,3
431,DevOps: Visionary client-server standardization,DevOps task involves Especially guy fear feel brother nature action generation once evening soon million.,25-08-2025,23-09-2025,Zachary,Medium,DevOps,4
432,Feature: Centralized web-enabled archive,Feature task involves Themselves just million main more least order husband.,29-09-2025,12-10-2025,Annette,Medium,Feature,9
433,Design: Extended intermediate function,Design task involves Tree change blood with under great add continue cell foot.,16-08-2025,19-08-2025,Natalie,Low,Design,6
434,Database Update: Quality-focused methodical monitoring,Database Update task involves Expect head major language training continue else memory level reach.,09-09-2025,27-09-2025,Jorge,High,Database Update,2
435,Bug: Object-based next generation definition,Bug task involves Next mean water administration manage even purpose.,01-09-2025,21-09-2025,Ryan,Low,Bug,7
436,Meeting: Synergistic interactive Local Area Network,Meeting task involves Total left single baby country likely camera challenge.,21-09-2025,04-10-2025,Christopher,Low,Meeting,2
437,Security: Multi-lateral tangible productivity,Security task involves Spend read hotel include their series firm score economic close machine coach coach.,25-08-2025,28-08-2025,Todd,Medium,Security,2
438,Design: Seamless reciprocal Graphical User Interface,Design task involves Ground year she phone in science then.,26-08-2025,10-10-2025,Jeffrey,Low,Design,1
439,Refactoring: Triple-buffered needs-based knowledgebase,Refactoring task involves Member impact exactly statement describe in expect fact read.,23-08-2025,05-09-2025,William,Medium,Refactoring,3
440,Database Update: Quality-focused exuding protocol,Database Update task involves Road bill fear realize car cup always window.,19-08-2025,04-11-2025,Tyler,High,Database Update,6
441,Improvement: Enterprise-wide context-sensitive budgetary management,Improvement task involves Stay yard look yet space natural among rate huge.,26-09-2025,18-10-2025,Tyler,Medium,Improvement,8
442,Documentation: Multi-tiered asymmetric pricing structure,Documentation task involves Customer political job single growth near something treatment option imagine employee pattern east.,12-09-2025,04-11-2025,Natalie,High,Documentation,9
443,Documentation: Focused attitude-oriented help-desk,Documentation task involves Call peace blood board hospital majority report today whose onto.,21-09-2025,24-10-2025,Sandra,High,Documentation,7
444,Bug: Enhanced 4thgeneration moderator,Bug task involves Speech material chair here military others prove station reason avoid appear fight.,06-10-2025,11-10-2025,James,Medium,Bug,4
445,Deployment: Balanced multimedia matrices,Deployment task involves Brother at letter ground today fish protect.,22-08-2025,14-09-2025,Cynthia,High,Deployment,6
446,Improvement: User-centric uniform model,Improvement task involves Loss go movement consider PM environment analysis tax production a.,18-08-2025,30-09-2025,Natalie,Medium,Improvement,5
447,UI Update: Up-sized content-based workforce,UI Update task involves Unit situation ten cell authority north purpose effect moment page professional factor.,02-09-2025,04-11-2025,Jamie,Medium,UI Update,8
448,Research: Optimized dedicated forecast,Research task involves Style reach watch international town seven talk along subject none make entire operation.,22-08-2025,25-09-2025,Sandra,Medium,Research,1
449,Performance Optimization: Public-key 4thgeneration software,Performance Optimization task involves Care investment vote term plan successful image available give.,16-09-2025,24-10-2025,Jorge,Medium,Performance Optimization,1
450,Code Review: Networked contextually-based budgetary management,Code Review task involves Movie task effort case western too coach enough doctor white maintain.,02-10-2025,18-10-2025,Jason,High,Code Review,6
451,Design: Synergistic contextually-based concept,Design task involves Practice laugh daughter me explain scientist.,01-09-2025,25-10-2025,Cynthia,Medium,Design,2
452,Design: Decentralized encompassing system engine,Design task involves Seem others by various mouth image itself control indicate indeed likely.,29-08-2025,06-09-2025,Tyler,Medium,Design,5
453,Database Update: Down-sized bi-directional help-desk,Database Update task involves Body speak employee bring partner mention room foreign senior blood upon eye stock.,02-09-2025,28-10-2025,Laura,Medium,Database Update,1
454,Backend Task: Optimized human-resource ability,Backend Task task involves Want television turn since place image federal send.,14-09-2025,15-10-2025,Annette,High,Backend Task,7
455,Client Call: Cloned human-resource open system,Client Call task involves Mean color body usually prevent difference painting east conference will democratic law.,30-09-2025,11-10-2025,Christopher,Medium,Client Call,1
456,Design: Customer-focused systematic hardware,Design task involves No senior indeed industry couple whether.,05-10-2025,28-10-2025,Jeffrey,Low,Design,4
457,Deployment: Advanced radical matrices,Deployment task involves Individual win science success industry staff sea style this.,17-08-2025,19-10-2025,Christine,High,Deployment,9
458,Bug: Secured encompassing framework,Bug task involves Oil about investment another Congress skin upon.,29-08-2025,30-10-2025,Christopher,Medium,Bug,1
459,Client Call: Cloned optimizing alliance,Client Call task involves Land ability appear choose entire still.,08-09-2025,17-09-2025,Todd,Medium,Client Call,4
460,Code Review: Integrated background encryption,Code Review task involves Figure democratic purpose pull recent wait whole account.,03-10-2025,29-10-2025,Jessica,Medium,Code Review,6
461,Testing: Ameliorated tangible challenge,Testing task involves Whatever surface with its here box service more next test with loss pick.,09-09-2025,09-09-2025,Edward,Medium,Testing,6
462,UI Update: Optimized foreground flexibility,UI Update task involves Rock skill especially leader guess involve the because.,17-09-2025,17-10-2025,Jason,High,UI Update,8
463,Code Review: Self-enabling national challenge,Code Review task involves Employee sea mean art few arrive strong agent sit black magazine new age.,08-10-2025,19-10-2025,Cynthia,High,Code Review,1
464,Design: Front-line 6thgeneration emulation,Design task involves American bag occur difficult two TV great court art list.,21-09-2025,11-10-2025,Jeffrey,Medium,Design,7
465,Bug: Re-engineered empowering conglomeration,Bug task involves Black despite wish hotel loss they much cup.,04-10-2025,06-10-2025,James,Medium,Bug,1
466,Security: Pre-emptive empowering paradigm,Security task involves Game oil second own memory budget dream eat certain resource.,05-09-2025,01-10-2025,Jason,Medium,Security,7
467,Documentation: Managed foreground structure,Documentation task involves Strong southern shoulder sit leader American tend explain administration Mr second despite standard.,15-08-2025,30-08-2025,Jorge,Low,Documentation,3
468,UI Update: Compatible radical methodology,UI Update task involves Senior floor weight wait public little.,22-09-2025,22-09-2025,Laura,Medium,UI Update,8
469,Backend Task: Innovative reciprocal open architecture,Backend Task task involves Star benefit structure participant character ok lose behind director especially unit control cost.,27-08-2025,19-10-2025,Edward,Low,Backend Task,3
470,Research: Versatile responsive interface,Research task involves Trade newspaper east real himself anything job quality have usually.,30-09-2025,20-10-2025,Christine,High,Research,1
471,Backend Task: Pre-emptive solution-oriented access,Backend Task task involves Factor big industry million green line involve will space manage thing option.,20-08-2025,20-08-2025,Tyler,High,Backend Task,8
472,Security: Mandatory methodical support,Security task involves Ahead ball around conference political remember area exist western.,10-09-2025,27-09-2025,Zachary,High,Security,3
473,API Development: Grass-roots multi-state strategy,API Development task involves Claim indeed pull try south image.,28-08-2025,23-09-2025,Cynthia,High,API Development,2
474,Performance Optimization: Monitored encompassing matrices,Performance Optimization task involves Rise which ten him improve weight process how good various along responsibility.,24-09-2025,01-10-2025,Lindsey,High,Performance Optimization,1
475,Backend Task: Synchronized modular system engine,Backend Task task involves Gun take relate operation camera opportunity can occur six.,05-10-2025,02-11-2025,Jorge,High,Backend Task,3
476,Backend Task: Cross-group composite artificial intelligence,Backend Task task involves Which report their next simple despite health this set.,26-08-2025,22-10-2025,Laura,Medium,Backend Task,2
477,Feature: Integrated maximized matrix,Feature task involves Better learn anything specific stay specific loss her.,13-08-2025,01-09-2025,Lindsey,Medium,Feature,2
478,Improvement: Enterprise-wide holistic infrastructure,Improvement task involves Personal southern myself short hour artist fear artist economic.,04-10-2025,12-10-2025,Christopher,High,Improvement,6
479,Code Review: Integrated analyzing workforce,Code Review task involves Become history probably themselves doctor central I system field size.,22-08-2025,09-09-2025,Jeffrey,High,Code Review,1
480,Refactoring: Multi-lateral incremental capability,Refactoring task involves Management nothing possible conference difference pay right.,19-08-2025,05-11-2025,James,Low,Refactoring,2
481,Backend Task: Stand-alone dedicated help-desk,Backend Task task involves Letter few address both agree himself interest want upon hear.,20-08-2025,06-11-2025,Cody,High,Backend Task,6
482,Design: Proactive actuating forecast,Design task involves Site pick media quite toward foreign part away how speech.,10-08-2025,17-08-2025,Martin,Medium,Design,3
483,Backend Task: Ergonomic coherent infrastructure,Backend Task task involves Character about no issue everything condition natural line.,06-10-2025,13-10-2025,Jason,Medium,Backend Task,4
484,DevOps: Public-key content-based paradigm,DevOps task involves Early method cause kid heavy receive represent care.,12-08-2025,14-10-2025,Paula,Low,DevOps,1
485,Documentation: Business-focused human-resource throughput,Documentation task involves Part growth note real land team tax wish tough important pass make.,23-09-2025,06-10-2025,Tyler,High,Documentation,8
486,Documentation: Ameliorated bi-directional monitoring,Documentation task involves Suffer different anyone figure population me probably skill away note.,07-10-2025,01-11-2025,Lindsey,Medium,Documentation,7
487,Meeting: Visionary bottom-line standardization,Meeting task involves Any education easy once nor ask light.,13-08-2025,07-11-2025,Jeffrey,High,Meeting,7
488,UI Update: Future-proofed well-modulated synergy,UI Update task involves Quickly price least will weight member any recognize why special.,28-08-2025,19-09-2025,William,Medium,UI Update,3
489,Meeting: Versatile user-facing system engine,Meeting task involves Involve professional through sport ask president return.,11-08-2025,08-10-2025,Paula,Low,Meeting,3
490,Security: Open-source bifurcated orchestration,Security task involves Smile college add write apply policy.,08-09-2025,29-09-2025,Martin,Medium,Security,2
491,Refactoring: Synergized even-keeled database,Refactoring task involves Role mother police top popular soldier agree population upon people.,08-09-2025,06-10-2025,Laura,Medium,Refactoring,1
492,Deployment: Persistent multimedia task-force,Deployment task involves Stand human care three herself despite may.,19-08-2025,19-09-2025,Edward,Low,Deployment,7
493,Improvement: Configurable full-range system engine,Improvement task involves Able couple expect four most Mr tend beyond fire speech push administration near.,26-09-2025,29-10-2025,Todd,Medium,Improvement,7
494,Testing: Grass-roots dynamic conglomeration,Testing task involves Across boy brother remain trouble both nature quite west near newspaper that.,10-08-2025,10-08-2025,Jessica,Medium,Testing,2
495,Database Update: Streamlined analyzing analyzer,Database Update task involves Moment hospital hotel executive put black when company decide style hour change institution.,21-08-2025,28-08-2025,Jason,Low,Database Update,7
496,Research: Face-to-face motivating standardization,Research task involves There each trial pull artist ahead study man.,24-08-2025,24-09-2025,Sandra,Medium,Research,8
497,Code Review: Synergized impactful Graphical User Interface,Code Review task involves Place speech expert Congress million perform test three make.,03-09-2025,06-11-2025,Todd,High,Code Review,1
498,Integration: Synchronized exuding ability,Integration task involves Get school garden receive many stuff.,07-10-2025,09-10-2025,Sandra,Medium,Integration,9
499,Improvement: Fully-configurable static architecture,Improvement task involves Why suggest price campaign each field lay.,10-09-2025,14-10-2025,Christopher,Medium,Improvement,7
500,Backend Task: Pre-emptive leadingedge collaboration,Backend Task task involves Right give conference table so professional add shoulder first human beat hotel experience.,19-09-2025,18-10-2025,Tyler,Low,Backend Task,3
